timestamp,relationship,gender,age_min,age_max,interest,budget_label,iter,query,categories_used,product_id,product_title,product_price,in_budget,product_url
2025-09-15T06:56:20.303464,grandparent,male,61,79,gardening,over_$50,1,Thoughtful gifts for a grandparent male ages 61–79 who enjoys gardening within over $50.,,P_43357567,,100.0,True,/product/peter-alexander-dollar100-gift-card-43357567/
2025-09-15T06:56:20.303491,grandparent,male,61,79,gardening,over_$50,2,Thoughtful gifts for a grandparent male ages 61–79 who enjoys gardening within over $50.,,P_42420262,,105.95,True,/product/westfield-eftpos-just-for-you-dollar100-gift-card-42420262/
2025-09-15T06:56:20.303510,grandparent,male,61,79,gardening,over_$50,3,Thoughtful gifts for a grandparent male ages 61–79 who enjoys gardening within over $50.,,P_43356461,,50.0,True,/product/the-ultimate-gift-card-for-him-dollar50-gift-card-43356461/
2025-09-15T06:59:25.018593,grandparent,male,61,79,gardening,$10-$20,1,Thoughtful ideas for a grandparent male ages 61–79 who enjoys gardening within $8–$12.,,P_S168415,,10.0,True,/product/the-godfather-license-t-shirt-s168415/
2025-09-15T06:59:25.018623,grandparent,male,61,79,gardening,$10-$20,2,Thoughtful ideas for a grandparent male ages 61–79 who enjoys gardening within $8–$12.,,P_S170360,,8.0,True,/product/super-man-license-t-shirt-s170360/
2025-09-15T06:59:25.018640,grandparent,male,61,79,gardening,$10-$20,3,Thoughtful ideas for a grandparent male ages 61–79 who enjoys gardening within $8–$12.,,P_43293056,,10.0,True,/product/my-grandmother's-life-book-43293056/
2025-09-15T07:02:39.863096,dog,pet,,,chew_toys_&_enrichment,$10-$20,1,Thoughtful ideas for a dog who enjoys chew toys and enrichment within $8–$12.,,P_43514731,,8.0,True,/product/pet-iq-toy-twister-43514731/
2025-09-15T07:02:39.863119,dog,pet,,,chew_toys_&_enrichment,$10-$20,2,Thoughtful ideas for a dog who enjoys chew toys and enrichment within $8–$12.,,P_43514687,,8.0,True,/product/pet-iq-toy-maze-43514687/
2025-09-15T07:02:39.863132,dog,pet,,,chew_toys_&_enrichment,$10-$20,3,Thoughtful ideas for a dog who enjoys chew toys and enrichment within $8–$12.,,P_43514595,,10.0,True,/product/2-pack-pet-rubber-treat-chew-lilac-43514595/
2025-09-15T07:05:21.758422,dog,pet,,,training_&_tricks,$20-$50,1,Thoughtful ideas for a dog who enjoys training and tricks within $16–$24.,,P_43448838,,3.0,False,/product/pet-toy-ball-thrower-with-ball-43448838/
2025-09-15T07:05:21.758467,dog,pet,,,training_&_tricks,$20-$50,2,Thoughtful ideas for a dog who enjoys training and tricks within $16–$24.,,P_43346486,,6.0,False,/product/pet-toy-bungee-ball-with-handle-43346486/
2025-09-15T07:05:21.758484,dog,pet,,,training_&_tricks,$20-$50,3,Thoughtful ideas for a dog who enjoys training and tricks within $16–$24.,,P_43566648,,15.0,False,/product/10-pack-pet-toy-summer-43566648/
2025-09-15T07:07:10.176464,grandparent,male,61,79,cooking_&_baking,over_$50,1,Thoughtful ideas for a grandparent male ages 61–79 who enjoys cooking and baking within over $50.,"Kitchen Appliances,Food Preparation,Cookware",P_42974970,,85.0,True,/product/bread-maker-black-42974970/
2025-09-15T07:07:10.176502,grandparent,male,61,79,cooking_&_baking,over_$50,2,Thoughtful ideas for a grandparent male ages 61–79 who enjoys cooking and baking within over $50.,"Kitchen Appliances,Food Preparation,Cookware",P_43535057,,69.0,True,/product/retro-bench-mixer-43535057/
2025-09-15T07:07:10.176522,grandparent,male,61,79,cooking_&_baking,over_$50,3,Thoughtful ideas for a grandparent male ages 61–79 who enjoys cooking and baking within over $50.,"Kitchen Appliances,Food Preparation,Cookware",P_43577675,,99.0,True,/product/1.2l-ice-maker-black-43577675/
2025-09-15T07:12:31.684422,grandparent,female,13,28,relaxation_&_down_time,$10-$20,1,Thoughtful ideas for a grandparent female ages 13–28 who enjoys relaxation and down time within $8–$12.,"Health & Wellbeing,Body & Spirit,Home & Living,Decor Accessories",P_S168415,,10.0,True,/product/the-godfather-license-t-shirt-s168415/
2025-09-15T07:12:31.684467,grandparent,female,13,28,relaxation_&_down_time,$10-$20,2,Thoughtful ideas for a grandparent female ages 13–28 who enjoys relaxation and down time within $8–$12.,"Health & Wellbeing,Body & Spirit,Home & Living,Decor Accessories",P_42972297,,8.0,True,/product/relax-soy-blend-fragrant-candle-large-42972297/
2025-09-15T07:12:31.684488,grandparent,female,13,28,relaxation_&_down_time,$10-$20,3,Thoughtful ideas for a grandparent female ages 13–28 who enjoys relaxation and down time within $8–$12.,"Health & Wellbeing,Body & Spirit,Home & Living,Decor Accessories",P_43293056,,10.0,True,/product/my-grandmother's-life-book-43293056/
2025-09-15T07:14:47.359594,grandparent,female,45,60,relaxation_&_down_time,$10-$20,1,Thoughtful ideas for a grandparent female ages 45–60 who enjoys relaxation and down time within $8–$12.,"Health & Wellbeing,Body & Spirit,Home & Living,Decor Accessories",P_S168415,,10.0,True,/product/the-godfather-license-t-shirt-s168415/
2025-09-15T07:14:47.359631,grandparent,female,45,60,relaxation_&_down_time,$10-$20,2,Thoughtful ideas for a grandparent female ages 45–60 who enjoys relaxation and down time within $8–$12.,"Health & Wellbeing,Body & Spirit,Home & Living,Decor Accessories",P_42972297,,8.0,True,/product/relax-soy-blend-fragrant-candle-large-42972297/
2025-09-15T07:14:47.359651,grandparent,female,45,60,relaxation_&_down_time,$10-$20,3,Thoughtful ideas for a grandparent female ages 45–60 who enjoys relaxation and down time within $8–$12.,"Health & Wellbeing,Body & Spirit,Home & Living,Decor Accessories",P_43293056,,10.0,True,/product/my-grandmother's-life-book-43293056/
2025-09-15T07:15:35.691520,dog,pet,,,cozy_beds_&_blankets,$20-$50,1,Thoughtful ideas for a dog who enjoys cozy beds and blankets within $16–$24.,,P_43430741,,22.0,True,/product/dog-car-seat-centre-43430741/
2025-09-15T07:15:35.691546,dog,pet,,,cozy_beds_&_blankets,$20-$50,2,Thoughtful ideas for a dog who enjoys cozy beds and blankets within $16–$24.,,P_43346998,,19.0,True,/product/pet-comfort-bed-medium-cool-grey-43346998/
2025-09-15T07:15:35.691562,dog,pet,,,cozy_beds_&_blankets,$20-$50,3,Thoughtful ideas for a dog who enjoys cozy beds and blankets within $16–$24.,,P_43408368,,19.0,True,/product/pet-toy-plush-heart-beat-dog-43408368/
2025-09-15T07:31:20.130672,child,male,13,28,fashion_&_beauty,under_$10,1,Thoughtful ideas for a child male ages 13–28 who enjoys fashion and beauty within under $10.,"Fashion,Accessories,Jewellery,Hair Accessories",P_43513901,,5.0,True,/product/baylis-and-harding-signature-collection-jojoba-vanilla-and-almond-oil-43513901/
2025-09-15T07:31:20.130706,child,male,13,28,fashion_&_beauty,under_$10,2,Thoughtful ideas for a child male ages 13–28 who enjoys fashion and beauty within under $10.,"Fashion,Accessories,Jewellery,Hair Accessories",P_S170132,,6.0,True,/product/fashion-d-frame-sunglasses-s170132/
2025-09-15T07:31:20.130726,child,male,13,28,fashion_&_beauty,under_$10,3,Thoughtful ideas for a child male ages 13–28 who enjoys fashion and beauty within under $10.,"Fashion,Accessories,Jewellery,Hair Accessories",P_S168415,,10.0,True,/product/the-godfather-license-t-shirt-s168415/
2025-09-15T10:38:56.854196,Powered-up,3,3,parent,male,13,28,cooking_&_baking,under_$10,1,Thoughtful ideas for a parent male ages 13–28 who enjoys cooking and baking within under $10.,"Food & Drink,Kitchen Appliances,Utensils and Gadgets,Food Preparation,Cookware,Bakeware,Serveware",P_43383290,,10.0,True,/product/10-piece-dough-tool-kit-assorted-43383290/
2025-09-15T10:38:56.854232,Powered-up,3,3,parent,male,13,28,cooking_&_baking,under_$10,2,Thoughtful ideas for a parent male ages 13–28 who enjoys cooking and baking within under $10.,"Food & Drink,Kitchen Appliances,Utensils and Gadgets,Food Preparation,Cookware,Bakeware,Serveware",P_43371976,,10.0,True,/product/children's-birthday-cake-book-by-the-australian-women's-weekly-and-pamela-clark-book-43371976/
2025-09-15T10:38:56.854257,Powered-up,3,3,parent,male,13,28,cooking_&_baking,under_$10,3,Thoughtful ideas for a parent male ages 13–28 who enjoys cooking and baking within under $10.,"Food & Drink,Kitchen Appliances,Utensils and Gadgets,Food Preparation,Cookware,Bakeware,Serveware",P_43413461,,5.0,True,/product/17-piece-clay-cutters-43413461/
2025-09-15T10:43:04.161812,Constructor,1,3,grandparent,male,45,60,relaxation_&_down_time,$20-$50,1,Thoughtful ideas for a grandparent male ages 45–60 who enjoys relaxation and down time within $16–$24.,"Health & Wellbeing,Body & Spirit,Home & Living,Decor Accessories",P_S168415,,10.0,False,/product/the-godfather-license-t-shirt-s168415/
2025-09-15T10:43:04.161843,Constructor,1,3,grandparent,male,45,60,relaxation_&_down_time,$20-$50,2,Thoughtful ideas for a grandparent male ages 45–60 who enjoys relaxation and down time within $16–$24.,"Health & Wellbeing,Body & Spirit,Home & Living,Decor Accessories",P_42806882,,16.0,True,/product/maltesers-milk-chocolate-gift-box-400g-42806882/
2025-09-15T10:43:04.161861,Constructor,1,3,grandparent,male,45,60,relaxation_&_down_time,$20-$50,3,Thoughtful ideas for a grandparent male ages 45–60 who enjoys relaxation and down time within $16–$24.,"Health & Wellbeing,Body & Spirit,Home & Living,Decor Accessories",P_S170857,,10.0,False,/product/short-sleeve-knit-top-and-shorts-family-pyjama-set-s170857/
2025-09-15T10:43:41.133804,Constructor,1,3,grandparent,male,45,60,relaxation_&_down_time,over_$50,1,Thoughtful ideas for a grandparent male ages 45–60 who enjoys relaxation and down time within over $50.,"Health & Wellbeing,Body & Spirit,Home & Living,Decor Accessories",P_43462964,,69.0,True,/product/massage-gun-black-43462964/
2025-09-15T10:43:41.133840,Constructor,1,3,grandparent,male,45,60,relaxation_&_down_time,over_$50,2,Thoughtful ideas for a grandparent male ages 45–60 who enjoys relaxation and down time within over $50.,"Health & Wellbeing,Body & Spirit,Home & Living,Decor Accessories",P_42420262,,105.95,True,/product/westfield-eftpos-just-for-you-dollar100-gift-card-42420262/
2025-09-15T10:43:41.133863,Constructor,1,3,grandparent,male,45,60,relaxation_&_down_time,over_$50,3,Thoughtful ideas for a grandparent male ages 45–60 who enjoys relaxation and down time within over $50.,"Health & Wellbeing,Body & Spirit,Home & Living,Decor Accessories",P_42420255,,55.95,True,/product/westfield-eftpos-just-for-you-dollar50-gift-card-42420255/
2025-09-15T10:48:56.450855,Powered-up,1,5,grandparent,male,45,60,relaxation_&_down_time,over_$50,1,Thoughtful ideas for a grandparent male ages 45–60 who enjoys relaxation and down time within over $50.,"Health & Wellbeing,Body & Spirit,Home & Living,Decor Accessories",P_43462964,,69.0,True,/product/massage-gun-black-43462964/
2025-09-15T10:48:56.450888,Powered-up,1,5,grandparent,male,45,60,relaxation_&_down_time,over_$50,2,Thoughtful ideas for a grandparent male ages 45–60 who enjoys relaxation and down time within over $50.,"Health & Wellbeing,Body & Spirit,Home & Living,Decor Accessories",P_42420262,,105.95,True,/product/westfield-eftpos-just-for-you-dollar100-gift-card-42420262/
2025-09-15T10:48:56.450909,Powered-up,1,5,grandparent,male,45,60,relaxation_&_down_time,over_$50,3,Thoughtful ideas for a grandparent male ages 45–60 who enjoys relaxation and down time within over $50.,"Health & Wellbeing,Body & Spirit,Home & Living,Decor Accessories",P_42420255,,55.95,True,/product/westfield-eftpos-just-for-you-dollar50-gift-card-42420255/
2025-09-15T10:48:56.450929,Powered-up,1,5,grandparent,male,45,60,relaxation_&_down_time,over_$50,4,Thoughtful ideas for a grandparent male ages 45–60 who enjoys relaxation and down time within over $50.,"Health & Wellbeing,Body & Spirit,Home & Living,Decor Accessories",P_43356447,,100.0,True,/product/the-ultimate-gift-for-him-dollar100-gift-card-43356447/
2025-09-15T10:48:56.450947,Powered-up,1,5,grandparent,male,45,60,relaxation_&_down_time,over_$50,5,Thoughtful ideas for a grandparent male ages 45–60 who enjoys relaxation and down time within over $50.,"Health & Wellbeing,Body & Spirit,Home & Living,Decor Accessories",P_43356461,,50.0,True,/product/the-ultimate-gift-card-for-him-dollar50-gift-card-43356461/
2025-09-15T10:49:51.073200,Powered-up,5,1,grandparent,male,45,60,relaxation_&_down_time,over_$50,1,Thoughtful ideas for a grandparent male ages 45–60 who enjoys relaxation and down time within over $50.,"Health & Wellbeing,Body & Spirit,Home & Living,Decor Accessories",P_43462964,,69.0,True,/product/massage-gun-black-43462964/
2025-09-15T10:50:08.434500,Powered-up,5,1,friend_or_relative,male,45,60,relaxation_&_down_time,over_$50,1,Thoughtful ideas for a friend or relative male ages 45–60 who enjoys relaxation and down time within over $50.,"Health & Wellbeing,Body & Spirit,Home & Living,Decor Accessories",P_42420255,,55.95,True,/product/westfield-eftpos-just-for-you-dollar50-gift-card-42420255/
2025-09-15T11:57:09.914833,Constructor,1,3,parent,male,13,28,arts_&_creativity,under_$10,1,"Australian Kmart shopper profile: value-conscious and trade-down oriented; prioritise affordable, great value, budget-friendly items that are practical, reliable, and durable. Prefer good alternatives to premium brands, focusing on smart savings and everyday usefulness. Thoughtful ideas for a parent male ages 13–28 who enjoys arts and creativity within under $10. Use Australian English and context; match relatable use-cases and everyday needs.","Artistry,Craft Supplies,Yarn and Haberdashery",P_43520404,,6.0,True,/product/art-maker-mandalas-creative-colouring-book-43520404/
2025-09-15T11:57:09.914876,Constructor,1,3,parent,male,13,28,arts_&_creativity,under_$10,2,"Australian Kmart shopper profile: value-conscious and trade-down oriented; prioritise affordable, great value, budget-friendly items that are practical, reliable, and durable. Prefer good alternatives to premium brands, focusing on smart savings and everyday usefulness. Thoughtful ideas for a parent male ages 13–28 who enjoys arts and creativity within under $10. Use Australian English and context; match relatable use-cases and everyday needs.","Artistry,Craft Supplies,Yarn and Haberdashery",P_42958802,,8.0,True,/product/mindful-activities-for-you-book-42958802/
2025-09-15T11:57:09.914906,Constructor,1,3,parent,male,13,28,arts_&_creativity,under_$10,3,"Australian Kmart shopper profile: value-conscious and trade-down oriented; prioritise affordable, great value, budget-friendly items that are practical, reliable, and durable. Prefer good alternatives to premium brands, focusing on smart savings and everyday usefulness. Thoughtful ideas for a parent male ages 13–28 who enjoys arts and creativity within under $10. Use Australian English and context; match relatable use-cases and everyday needs.","Artistry,Craft Supplies,Yarn and Haberdashery",P_43426492,,5.0,True,/product/150-mindful-puzzles:-dot-to-dot-for-downtime-book-43426492/
2025-09-15T11:58:45.239364,Powered-up,5,2,parent,male,45,60,arts_&_creativity,$20-$50,1,"Australian Kmart shopper profile: value-conscious and trade-down oriented; prioritise affordable, great value, budget-friendly items that are practical, reliable, and durable. Prefer good alternatives to premium brands, focusing on smart savings and everyday usefulness. Thoughtful ideas for a parent male ages 45–60 who enjoys arts and creativity within $16–$24. Use Australian English and context; match relatable use-cases and everyday needs.","Artistry,Craft Supplies,Yarn and Haberdashery",P_43525188,,20.0,True,/product/100-craft-activities-43525188/
2025-09-15T11:58:45.239406,Powered-up,5,2,parent,male,45,60,arts_&_creativity,$20-$50,2,"Australian Kmart shopper profile: value-conscious and trade-down oriented; prioritise affordable, great value, budget-friendly items that are practical, reliable, and durable. Prefer good alternatives to premium brands, focusing on smart savings and everyday usefulness. Thoughtful ideas for a parent male ages 45–60 who enjoys arts and creativity within $16–$24. Use Australian English and context; match relatable use-cases and everyday needs. Explore fresh, imaginative options that surprise and delight, still aligned to everyday Australian needs and smart savings.  Focus on motifs related to: arts and creativity. Consider catalogue areas like: Artistry, Craft Supplies, Yarn and Haberdashery. Aim $16–$24.","Artistry,Craft Supplies,Yarn and Haberdashery",P_43129157,,22.0,True,/product/atomic-habits:-an-easy-and-proven-way-to-build-good-habits-and-break-bad-ones-by-james-clear-book-43129157/
2025-09-15T11:59:19.445850,Powered-up,5,2,parent,male,45,60,arts_&_creativity,over_$50,1,"Australian Kmart shopper profile: value-conscious and trade-down oriented; prioritise affordable, great value, budget-friendly items that are practical, reliable, and durable. Prefer good alternatives to premium brands, focusing on smart savings and everyday usefulness. Thoughtful ideas for a parent male ages 45–60 who enjoys arts and creativity within over $50. Use Australian English and context; match relatable use-cases and everyday needs.","Artistry,Craft Supplies,Yarn and Haberdashery",P_43173419,,69.0,True,/product/168-pack-graphic-marker-43173419/
2025-09-15T12:00:04.184276,Powered-up,5,2,parent,male,45,60,diy,$10-$20,1,"Australian Kmart shopper profile: value-conscious and trade-down oriented; prioritise affordable, great value, budget-friendly items that are practical, reliable, and durable. Prefer good alternatives to premium brands, focusing on smart savings and everyday usefulness. Thoughtful ideas for a parent male ages 45–60 who enjoys diy within $8–$12. Use Australian English and context; match relatable use-cases and everyday needs.","Craft Supplies,Artistry",P_43548248,,12.0,True,/product/33-piece-wooden-memory-match-43548248/
2025-09-15T12:00:04.184316,Powered-up,5,2,parent,male,45,60,diy,$10-$20,2,"Australian Kmart shopper profile: value-conscious and trade-down oriented; prioritise affordable, great value, budget-friendly items that are practical, reliable, and durable. Prefer good alternatives to premium brands, focusing on smart savings and everyday usefulness. Thoughtful ideas for a parent male ages 45–60 who enjoys diy within $8–$12. Use Australian English and context; match relatable use-cases and everyday needs. Explore fresh, imaginative options that surprise and delight, still aligned to everyday Australian needs and smart savings.  Focus on motifs related to: diy. Consider catalogue areas like: Craft Supplies, Artistry. Aim $8–$12.","Craft Supplies,Artistry",P_43369607,,10.0,True,/product/26-pack-alphabet-beads-set-43369607/
2025-09-15T12:01:03.785766,Powered-up,4,1,parent,male,45,60,diy,under_$10,1,"Australian Kmart shopper profile: value-conscious and trade-down oriented; prioritise affordable, great value, budget-friendly items that are practical, reliable, and durable. Prefer good alternatives to premium brands, focusing on smart savings and everyday usefulness. Thoughtful ideas for a parent male ages 45–60 who enjoys diy within under $10. Use Australian English and context; match relatable use-cases and everyday needs.","Craft Supplies,Artistry",P_43556823,,5.0,True,/product/diy-make-your-own-magnets-kit-43556823/
2025-09-15T12:01:22.305769,Powered-up,4,1,parent,male,45,60,diy,$10-$20,1,"Australian Kmart shopper profile: value-conscious and trade-down oriented; prioritise affordable, great value, budget-friendly items that are practical, reliable, and durable. Prefer good alternatives to premium brands, focusing on smart savings and everyday usefulness. Thoughtful ideas for a parent male ages 45–60 who enjoys diy within $8–$12. Use Australian English and context; match relatable use-cases and everyday needs.","Craft Supplies,Artistry",P_43548248,,12.0,True,/product/33-piece-wooden-memory-match-43548248/
2025-09-15T12:11:49.400211,Powered-up,4,1,parent,male,45,60,diy,$10-$20,1,"Australian Kmart shopper profile: value-conscious and trade-down oriented; prioritise affordable, great value, budget-friendly items that are practical, reliable, and durable. Prefer good alternatives to premium brands, focusing on smart savings and everyday usefulness. For Gen X, focus on dependable practicality and durable basics that offer excellent value. Thoughtful ideas for a parent male ages 45–60 who enjoys diy within $8–$12. Use Australian English and context; match relatable use-cases and everyday needs.","Craft Supplies,Artistry",P_43548248,,12.0,True,/product/33-piece-wooden-memory-match-43548248/
2025-09-15T12:34:04.794601,Powered-up,3,3,parent,male,45,60,cooking_&_baking,under_$10,1,"Australian Kmart shopper profile: value-conscious and trade-down oriented; prioritise affordable, great value, budget-friendly items that are practical, reliable, and durable. Prefer good alternatives to premium brands, focusing on smart savings and everyday usefulness. For Gen X, focus on dependable practicality and durable basics that offer excellent value. Thoughtful ideas for a parent male ages 45–60 who enjoys cooking and baking within under $10. Use Australian English and context; match relatable use-cases and everyday needs.",,P_43383290,,10.0,True,/product/10-piece-dough-tool-kit-assorted-43383290/
2025-09-15T12:34:04.794644,Powered-up,3,3,parent,male,45,60,cooking_&_baking,under_$10,2,"Australian Kmart shopper profile: value-conscious and trade-down oriented; prioritise affordable, great value, budget-friendly items that are practical, reliable, and durable. Prefer good alternatives to premium brands, focusing on smart savings and everyday usefulness. For Gen X, focus on dependable practicality and durable basics that offer excellent value. Thoughtful ideas for a parent male ages 45–60 who enjoys cooking and baking within under $10. Use Australian English and context; match relatable use-cases and everyday needs. Explore fresh, imaginative options that surprise and delight, still aligned to everyday Australian needs and smart savings.  Focus on motifs related to: cooking and baking. Aim under $10.",,P_43371976,,10.0,True,/product/children's-birthday-cake-book-by-the-australian-women's-weekly-and-pamela-clark-book-43371976/
2025-09-15T12:34:04.794768,Powered-up,3,3,parent,male,45,60,cooking_&_baking,under_$10,3,"Australian Kmart shopper profile: value-conscious and trade-down oriented; prioritise affordable, great value, budget-friendly items that are practical, reliable, and durable. Prefer good alternatives to premium brands, focusing on smart savings and everyday usefulness. For Gen X, focus on dependable practicality and durable basics that offer excellent value. Thoughtful ideas for a parent male ages 45–60 who enjoys cooking and baking within under $10. Use Australian English and context; match relatable use-cases and everyday needs.",,P_43413461,,5.0,True,/product/17-piece-clay-cutters-43413461/
2025-09-15T12:34:36.514932,Powered-up,3,3,parent,male,45,60,cooking_&_baking,over_$50,1,"Australian Kmart shopper profile: value-conscious and trade-down oriented; prioritise affordable, great value, budget-friendly items that are practical, reliable, and durable. Prefer good alternatives to premium brands, focusing on smart savings and everyday usefulness. For Gen X, focus on dependable practicality and durable basics that offer excellent value. Thoughtful ideas for a parent male ages 45–60 who enjoys cooking and baking within over $50. Use Australian English and context; match relatable use-cases and everyday needs.",,P_42974970,,85.0,True,/product/bread-maker-black-42974970/
2025-09-15T12:34:36.514989,Powered-up,3,3,parent,male,45,60,cooking_&_baking,over_$50,2,"Australian Kmart shopper profile: value-conscious and trade-down oriented; prioritise affordable, great value, budget-friendly items that are practical, reliable, and durable. Prefer good alternatives to premium brands, focusing on smart savings and everyday usefulness. For Gen X, focus on dependable practicality and durable basics that offer excellent value. Thoughtful ideas for a parent male ages 45–60 who enjoys cooking and baking within over $50. Use Australian English and context; match relatable use-cases and everyday needs. Explore fresh, imaginative options that surprise and delight, still aligned to everyday Australian needs and smart savings.  Focus on motifs related to: cooking and baking. Aim over $50.",,P_43535057,,69.0,True,/product/retro-bench-mixer-43535057/
2025-09-15T12:35:22.147760,Powered-up,3,3,child,male,1,14,stem_&_science_kits,over_$50,1,"Australian Kmart shopper profile: value-conscious and trade-down oriented; prioritise affordable, great value, budget-friendly items that are practical, reliable, and durable. Prefer good alternatives to premium brands, focusing on smart savings and everyday usefulness. For Gen Alpha recipients, lean into playful, hands-on imagination and discovery, guided by practical value for parents. Thoughtful ideas for a child male ages 1–14 who enjoys stem and science kits within over $50. Use Australian English and context; match relatable use-cases and everyday needs.",,P_43642052,,59.0,True,/product/national-geographic-kids-junior-chemistry-lab-kit-43642052/
2025-09-15T12:35:22.147831,Powered-up,3,3,child,male,1,14,stem_&_science_kits,over_$50,2,"Australian Kmart shopper profile: value-conscious and trade-down oriented; prioritise affordable, great value, budget-friendly items that are practical, reliable, and durable. Prefer good alternatives to premium brands, focusing on smart savings and everyday usefulness. For Gen Alpha recipients, lean into playful, hands-on imagination and discovery, guided by practical value for parents. Thoughtful ideas for a child male ages 1–14 who enjoys stem and science kits within over $50. Use Australian English and context; match relatable use-cases and everyday needs. Explore fresh, imaginative options that surprise and delight, still aligned to everyday Australian needs and smart savings.  Focus on motifs related to: stem and science kits. Aim over $50.",,P_43461707,,59.0,True,/product/national-geographic-amazing-reactions-chemistry-set-43461707/
2025-09-15T12:35:22.147876,Powered-up,3,3,child,male,1,14,stem_&_science_kits,over_$50,3,"Australian Kmart shopper profile: value-conscious and trade-down oriented; prioritise affordable, great value, budget-friendly items that are practical, reliable, and durable. Prefer good alternatives to premium brands, focusing on smart savings and everyday usefulness. For Gen Alpha recipients, lean into playful, hands-on imagination and discovery, guided by practical value for parents. Thoughtful ideas for a child male ages 1–14 who enjoys stem and science kits within over $50. Use Australian English and context; match relatable use-cases and everyday needs.",,P_43641932,,59.0,True,/product/national-geographic-ultimate-dinosaur-dig-kit-43641932/
2025-09-15T12:36:13.148859,Constructor,1,1,child,male,1,14,stem_&_science_kits,over_$50,1,"Australian Kmart shopper profile: value-conscious and trade-down oriented; prioritise affordable, great value, budget-friendly items that are practical, reliable, and durable. Prefer good alternatives to premium brands, focusing on smart savings and everyday usefulness. For Gen Alpha recipients, lean into playful, hands-on imagination and discovery, guided by practical value for parents. Thoughtful ideas for a child male ages 1–14 who enjoys stem and science kits within over $50. Use Australian English and context; match relatable use-cases and everyday needs.",,P_43642052,,59.0,True,/product/national-geographic-kids-junior-chemistry-lab-kit-43642052/
2025-09-15T12:36:43.725306,Constructor,1,1,dog,pet,,,chew_toys_&_enrichment,$10-$20,1,"Australian Kmart shopper profile: value-conscious and trade-down oriented; prioritise affordable, great value, budget-friendly items that are practical, reliable, and durable. Prefer good alternatives to premium brands, focusing on smart savings and everyday usefulness. Thoughtful ideas for a dog who enjoys chew toys and enrichment within $8–$12. Use Australian English and context; match relatable use-cases and everyday needs.",,P_43448838,,3.0,False,/product/pet-toy-ball-thrower-with-ball-43448838/
2025-09-15T12:36:57.785009,Constructor,1,5,dog,pet,,,chew_toys_&_enrichment,$10-$20,1,"Australian Kmart shopper profile: value-conscious and trade-down oriented; prioritise affordable, great value, budget-friendly items that are practical, reliable, and durable. Prefer good alternatives to premium brands, focusing on smart savings and everyday usefulness. Thoughtful ideas for a dog who enjoys chew toys and enrichment within $8–$12. Use Australian English and context; match relatable use-cases and everyday needs.",,P_43448838,,3.0,False,/product/pet-toy-ball-thrower-with-ball-43448838/
2025-09-15T12:36:57.785048,Constructor,1,5,dog,pet,,,chew_toys_&_enrichment,$10-$20,2,"Australian Kmart shopper profile: value-conscious and trade-down oriented; prioritise affordable, great value, budget-friendly items that are practical, reliable, and durable. Prefer good alternatives to premium brands, focusing on smart savings and everyday usefulness. Thoughtful ideas for a dog who enjoys chew toys and enrichment within $8–$12. Use Australian English and context; match relatable use-cases and everyday needs.",,P_43566648,,15.0,False,/product/10-pack-pet-toy-summer-43566648/
2025-09-15T12:36:57.785076,Constructor,1,5,dog,pet,,,chew_toys_&_enrichment,$10-$20,3,"Australian Kmart shopper profile: value-conscious and trade-down oriented; prioritise affordable, great value, budget-friendly items that are practical, reliable, and durable. Prefer good alternatives to premium brands, focusing on smart savings and everyday usefulness. Thoughtful ideas for a dog who enjoys chew toys and enrichment within $8–$12. Use Australian English and context; match relatable use-cases and everyday needs.",,P_43278077,,6.0,False,/product/9-pack-dental-treats-43278077/
2025-09-15T12:36:57.785101,Constructor,1,5,dog,pet,,,chew_toys_&_enrichment,$10-$20,4,"Australian Kmart shopper profile: value-conscious and trade-down oriented; prioritise affordable, great value, budget-friendly items that are practical, reliable, and durable. Prefer good alternatives to premium brands, focusing on smart savings and everyday usefulness. Thoughtful ideas for a dog who enjoys chew toys and enrichment within $8–$12. Use Australian English and context; match relatable use-cases and everyday needs.",,P_43514601,,3.0,False,/product/2-pack-pet-rubber-treat-chew-black-43514601/
2025-09-15T12:36:57.785125,Constructor,1,5,dog,pet,,,chew_toys_&_enrichment,$10-$20,5,"Australian Kmart shopper profile: value-conscious and trade-down oriented; prioritise affordable, great value, budget-friendly items that are practical, reliable, and durable. Prefer good alternatives to premium brands, focusing on smart savings and everyday usefulness. Thoughtful ideas for a dog who enjoys chew toys and enrichment within $8–$12. Use Australian English and context; match relatable use-cases and everyday needs.",,P_43566303,,15.0,False,/product/pet-toy-tough-chew-value-pack-43566303/
2025-09-15T23:06:18.378452,Quiz,Constructor,1,3,P_43383290,,10.0,/product/10-piece-dough-tool-kit-assorted-43383290/
2025-09-15T23:06:18.378477,Quiz,Constructor,1,3,P_43371976,,10.0,/product/children's-birthday-cake-book-by-the-australian-women's-weekly-and-pamela-clark-book-43371976/
2025-09-15T23:06:18.378490,Quiz,Constructor,1,3,P_43413461,,5.0,/product/17-piece-clay-cutters-43413461/
2025-09-15T23:06:28.400818,Quiz,Constructor,1,3,P_43383290,,10.0,/product/10-piece-dough-tool-kit-assorted-43383290/
2025-09-15T23:06:28.400853,Quiz,Constructor,1,3,P_43371976,,10.0,/product/children's-birthday-cake-book-by-the-australian-women's-weekly-and-pamela-clark-book-43371976/
2025-09-15T23:06:28.400872,Quiz,Constructor,1,3,P_43413461,,5.0,/product/17-piece-clay-cutters-43413461/
2025-09-15T23:06:31.401816,Quiz,Constructor,1,3,P_43383290,,10.0,/product/10-piece-dough-tool-kit-assorted-43383290/
2025-09-15T23:06:31.401844,Quiz,Constructor,1,3,P_43371976,,10.0,/product/children's-birthday-cake-book-by-the-australian-women's-weekly-and-pamela-clark-book-43371976/
2025-09-15T23:06:31.401859,Quiz,Constructor,1,3,P_43413461,,5.0,/product/17-piece-clay-cutters-43413461/
2025-09-15T23:07:09.930113,Quiz,Powered-up,3,3,P_43383290,,10.0,/product/10-piece-dough-tool-kit-assorted-43383290/
2025-09-15T23:07:09.930146,Quiz,Powered-up,3,3,P_43371976,,10.0,/product/children's-birthday-cake-book-by-the-australian-women's-weekly-and-pamela-clark-book-43371976/
2025-09-15T23:07:09.930165,Quiz,Powered-up,3,3,P_43413461,,5.0,/product/17-piece-clay-cutters-43413461/
2025-09-15T23:07:12.760396,Quiz,Powered-up,3,1,P_43383290,,10.0,/product/10-piece-dough-tool-kit-assorted-43383290/
2025-09-15T23:07:12.760442,Quiz,Powered-up,3,1,P_43371976,,10.0,/product/children's-birthday-cake-book-by-the-australian-women's-weekly-and-pamela-clark-book-43371976/
2025-09-15T23:07:12.760468,Quiz,Powered-up,3,1,P_43413461,,5.0,/product/17-piece-clay-cutters-43413461/
2025-09-15T23:07:18.281525,Quiz,Powered-up,3,1,P_43383290,,10.0,/product/10-piece-dough-tool-kit-assorted-43383290/
2025-09-15T23:07:18.281558,Quiz,Powered-up,3,1,P_43371976,,10.0,/product/children's-birthday-cake-book-by-the-australian-women's-weekly-and-pamela-clark-book-43371976/
2025-09-15T23:07:18.281576,Quiz,Powered-up,3,1,P_43413461,,5.0,/product/17-piece-clay-cutters-43413461/
2025-09-15T23:07:21.353118,Quiz,Powered-up,3,1,P_43383290,,10.0,/product/10-piece-dough-tool-kit-assorted-43383290/
2025-09-15T23:07:21.353157,Quiz,Powered-up,3,1,P_43371976,,10.0,/product/children's-birthday-cake-book-by-the-australian-women's-weekly-and-pamela-clark-book-43371976/
2025-09-15T23:07:21.353176,Quiz,Powered-up,3,1,P_43413461,,5.0,/product/17-piece-clay-cutters-43413461/
2025-09-15T23:07:26.311813,Quiz,Powered-up,3,1,P_43383290,,10.0,/product/10-piece-dough-tool-kit-assorted-43383290/
2025-09-15T23:07:26.311847,Quiz,Powered-up,3,1,P_43371976,,10.0,/product/children's-birthday-cake-book-by-the-australian-women's-weekly-and-pamela-clark-book-43371976/
2025-09-15T23:07:26.311864,Quiz,Powered-up,3,1,P_43413461,,5.0,/product/17-piece-clay-cutters-43413461/
2025-09-15T23:07:28.015796,Quiz,Powered-up,3,1,P_43383290,,10.0,/product/10-piece-dough-tool-kit-assorted-43383290/
2025-09-15T23:07:28.015834,Quiz,Powered-up,3,1,P_43371976,,10.0,/product/children's-birthday-cake-book-by-the-australian-women's-weekly-and-pamela-clark-book-43371976/
2025-09-15T23:07:28.015854,Quiz,Powered-up,3,1,P_43413461,,5.0,/product/17-piece-clay-cutters-43413461/
2025-09-15T23:07:31.376001,Quiz,Powered-up,3,1,P_43383290,,10.0,/product/10-piece-dough-tool-kit-assorted-43383290/
2025-09-15T23:07:31.376076,Quiz,Powered-up,3,1,P_43371976,,10.0,/product/children's-birthday-cake-book-by-the-australian-women's-weekly-and-pamela-clark-book-43371976/
2025-09-15T23:07:31.376123,Quiz,Powered-up,3,1,P_43413461,,5.0,/product/17-piece-clay-cutters-43413461/
2025-09-15T23:07:34.189906,Quiz,Powered-up,3,1,P_42966777,,16.0,/product/365-days-of-art-in-nature-by-lorna-scobie-book-42966777/
2025-09-15T23:08:19.199796,Quiz,Powered-up,3,1,P_42966777,,16.0,/product/365-days-of-art-in-nature-by-lorna-scobie-book-42966777/
2025-09-15T23:08:22.555049,Quiz,Powered-up,3,1,P_42966777,,16.0,/product/365-days-of-art-in-nature-by-lorna-scobie-book-42966777/
2025-09-15T23:08:27.993241,Quiz,Powered-up,3,1,P_43662937,,24.0,/product/lonely-planet:-japan-book-43662937/
2025-09-15T23:17:17.118263,Quiz,Powered-up,3,1,P_43662937,,24.0,/product/lonely-planet:-japan-book-43662937/
2025-09-15T23:17:20.776743,Quiz,Powered-up,3,1,P_43662937,,24.0,/product/lonely-planet:-japan-book-43662937/
2025-09-15T23:17:29.160351,Quiz,Powered-up,3,1,P_43662937,,24.0,/product/lonely-planet:-japan-book-43662937/
2025-09-15T23:17:32.411632,Quiz,Powered-up,3,1,P_43662937,,24.0,/product/lonely-planet:-japan-book-43662937/
2025-09-15T23:17:35.543265,Quiz,Powered-up,3,1,P_43662937,,24.0,/product/lonely-planet:-japan-book-43662937/
2025-09-15T23:19:16.884965,Quiz,Powered-up,3,1,P_43662937,,24.0,/product/lonely-planet:-japan-book-43662937/
2025-09-15T23:20:40.734484,Quiz,Powered-up,3,1,P_43662937,,24.0,/product/lonely-planet:-japan-book-43662937/
2025-09-15T23:21:32.223580,Quiz,Powered-up,3,1,P_43662937,,24.0,/product/lonely-planet:-japan-book-43662937/
2025-09-15T23:21:35.763009,Quiz,Powered-up,3,1,P_43662937,,24.0,/product/lonely-planet:-japan-book-43662937/
2025-09-15T23:21:52.200094,Quiz,Powered-up,3,1,P_43662937,,24.0,/product/lonely-planet:-japan-book-43662937/
2025-09-15T23:50:30.734623,Quiz,Powered-up,3,3,P_43477517,,7.0,/product/coordinates-and-coding-blocks-43477517/
2025-09-15T23:50:30.734653,Quiz,Powered-up,3,3,P_42854692,,10.0,/product/10-in-1-world-excavation-kit-42854692/
2025-09-15T23:50:30.734668,Quiz,Powered-up,3,3,P_43408870,,9.0,/product/usborne-lift-the-flap:-look-inside-your-body-by-louie-stowell-book-43408870/
2025-09-15T23:50:44.317019,Quiz,Powered-up,3,3,P_43477517,,7.0,/product/coordinates-and-coding-blocks-43477517/
2025-09-15T23:50:44.317061,Quiz,Powered-up,3,3,P_42854692,,10.0,/product/10-in-1-world-excavation-kit-42854692/
2025-09-15T23:50:44.317081,Quiz,Powered-up,3,3,P_43408870,,9.0,/product/usborne-lift-the-flap:-look-inside-your-body-by-louie-stowell-book-43408870/
2025-09-15T23:51:02.736293,Quiz,Powered-up,3,3,P_43477517,,7.0,/product/coordinates-and-coding-blocks-43477517/
2025-09-15T23:51:02.736333,Quiz,Powered-up,3,3,P_42854692,,10.0,/product/10-in-1-world-excavation-kit-42854692/
2025-09-15T23:51:02.736350,Quiz,Powered-up,3,3,P_43408870,,9.0,/product/usborne-lift-the-flap:-look-inside-your-body-by-louie-stowell-book-43408870/
2025-09-15T23:51:08.287810,Quiz,Powered-up,3,3,P_43477517,,7.0,/product/coordinates-and-coding-blocks-43477517/
2025-09-15T23:51:08.287847,Quiz,Powered-up,3,3,P_42854692,,10.0,/product/10-in-1-world-excavation-kit-42854692/
2025-09-15T23:51:08.287864,Quiz,Powered-up,3,3,P_43408870,,9.0,/product/usborne-lift-the-flap:-look-inside-your-body-by-louie-stowell-book-43408870/
2025-09-15T23:51:12.842941,Quiz,Powered-up,3,3,P_43477517,,7.0,/product/coordinates-and-coding-blocks-43477517/
2025-09-15T23:51:12.842980,Quiz,Powered-up,3,3,P_42854692,,10.0,/product/10-in-1-world-excavation-kit-42854692/
2025-09-15T23:51:12.842996,Quiz,Powered-up,3,3,P_43408870,,9.0,/product/usborne-lift-the-flap:-look-inside-your-body-by-louie-stowell-book-43408870/
2025-09-15T23:51:18.872686,Quiz,Powered-up,3,3,P_43477517,,7.0,/product/coordinates-and-coding-blocks-43477517/
2025-09-15T23:51:18.872727,Quiz,Powered-up,3,3,P_42854692,,10.0,/product/10-in-1-world-excavation-kit-42854692/
2025-09-15T23:51:18.872744,Quiz,Powered-up,3,3,P_43408870,,9.0,/product/usborne-lift-the-flap:-look-inside-your-body-by-louie-stowell-book-43408870/
2025-09-15T23:51:25.698249,Quiz,Powered-up,3,3,P_43477517,,7.0,/product/coordinates-and-coding-blocks-43477517/
2025-09-15T23:51:25.698288,Quiz,Powered-up,3,3,P_42854692,,10.0,/product/10-in-1-world-excavation-kit-42854692/
2025-09-15T23:51:25.698305,Quiz,Powered-up,3,3,P_43408870,,9.0,/product/usborne-lift-the-flap:-look-inside-your-body-by-louie-stowell-book-43408870/
2025-09-15T23:52:01.484714,Quiz,Powered-up,3,3,P_43477517,,7.0,/product/coordinates-and-coding-blocks-43477517/
2025-09-15T23:52:01.484763,Quiz,Powered-up,3,3,P_42854692,,10.0,/product/10-in-1-world-excavation-kit-42854692/
2025-09-15T23:52:01.484783,Quiz,Powered-up,3,3,P_43408870,,9.0,/product/usborne-lift-the-flap:-look-inside-your-body-by-louie-stowell-book-43408870/
2025-09-15T23:52:02.540061,URLs,Powered-up,3,3,P_S167628,,25.0,/product/official-afl-adult-hoodie-s167628/
2025-09-15T23:52:02.540102,URLs,Powered-up,3,3,P_S167637,,10.0,/product/official-afl-kids-shorts-s167637/
2025-09-15T23:52:02.540118,URLs,Powered-up,3,3,P_S167638,,10.0,/product/official-afl-kids-t-shirt-s167638/
2025-09-15T23:52:21.257315,URLs,Powered-up,3,3,P_S167628,,25.0,/product/official-afl-adult-hoodie-s167628/
2025-09-15T23:52:21.257352,URLs,Powered-up,3,3,P_S167637,,10.0,/product/official-afl-kids-shorts-s167637/
2025-09-15T23:52:21.257370,URLs,Powered-up,3,3,P_S167638,,10.0,/product/official-afl-kids-t-shirt-s167638/
2025-09-15T23:52:25.911438,URLs,Powered-up,3,3,P_S167628,,25.0,/product/official-afl-adult-hoodie-s167628/
2025-09-15T23:52:25.911470,URLs,Powered-up,3,3,P_S167637,,10.0,/product/official-afl-kids-shorts-s167637/
2025-09-15T23:52:25.911485,URLs,Powered-up,3,3,P_S167638,,10.0,/product/official-afl-kids-t-shirt-s167638/
2025-09-15T23:52:38.259840,URLs,Powered-up,3,3,P_S167628,,25.0,/product/official-afl-adult-hoodie-s167628/
2025-09-15T23:52:38.259891,URLs,Powered-up,3,3,P_S167637,,10.0,/product/official-afl-kids-shorts-s167637/
2025-09-15T23:52:38.259908,URLs,Powered-up,3,3,P_S167638,,10.0,/product/official-afl-kids-t-shirt-s167638/
2025-09-15T23:52:39.494104,URLs,Powered-up,3,3,P_S167628,,25.0,/product/official-afl-adult-hoodie-s167628/
2025-09-15T23:52:39.494131,URLs,Powered-up,3,3,P_S167637,,10.0,/product/official-afl-kids-shorts-s167637/
2025-09-15T23:52:39.494144,URLs,Powered-up,3,3,P_S167638,,10.0,/product/official-afl-kids-t-shirt-s167638/
2025-09-15T23:53:17.614523,URLs,Powered-up,3,3,P_S167628,,25.0,/product/official-afl-adult-hoodie-s167628/
2025-09-15T23:53:17.614618,URLs,Powered-up,3,3,P_S167637,,10.0,/product/official-afl-kids-shorts-s167637/
2025-09-15T23:53:17.614687,URLs,Powered-up,3,3,P_S167638,,10.0,/product/official-afl-kids-t-shirt-s167638/
2025-09-15T23:53:23.773695,URLs,Powered-up,3,3,P_S167628,,25.0,/product/official-afl-adult-hoodie-s167628/
2025-09-15T23:53:23.773753,URLs,Powered-up,3,3,P_S167637,,10.0,/product/official-afl-kids-shorts-s167637/
2025-09-15T23:53:23.773775,URLs,Powered-up,3,3,P_S167638,,10.0,/product/official-afl-kids-t-shirt-s167638/
2025-09-15T23:54:00.538335,URLs,Constructor,1,3,P_S167628,,25.0,/product/official-afl-adult-hoodie-s167628/
2025-09-15T23:54:00.538378,URLs,Constructor,1,3,P_S167637,,10.0,/product/official-afl-kids-shorts-s167637/
2025-09-15T23:54:00.538399,URLs,Constructor,1,3,P_S167638,,10.0,/product/official-afl-kids-t-shirt-s167638/
2025-09-15T23:55:06.372992,URLs,Constructor,1,3,P_S167628,,25.0,/product/official-afl-adult-hoodie-s167628/
2025-09-15T23:55:06.373038,URLs,Constructor,1,3,P_S167637,,10.0,/product/official-afl-kids-shorts-s167637/
2025-09-15T23:55:06.373058,URLs,Constructor,1,3,P_S167638,,10.0,/product/official-afl-kids-t-shirt-s167638/
2025-09-16T00:12:27.277511,Quiz,Constructor,1,3,P_43129157,,22.0,/product/atomic-habits:-an-easy-and-proven-way-to-build-good-habits-and-break-bad-ones-by-james-clear-book-43129157/
2025-09-16T00:12:27.277545,Quiz,Constructor,1,3,P_43365388,,10.0,/product/the-invisible-string-by-patrice-karst-book-43365388/
2025-09-16T00:12:27.277560,Quiz,Constructor,1,3,P_43410330,,10.0,/product/life-lessons-for-little-ones:-you-can-do-hard-things-by-jess-sanders-book-43410330/
2025-09-16T00:13:15.004211,Quiz,Constructor,1,3,P_43129157,,22.0,/product/atomic-habits:-an-easy-and-proven-way-to-build-good-habits-and-break-bad-ones-by-james-clear-book-43129157/
2025-09-16T00:13:15.004252,Quiz,Constructor,1,3,P_43365388,,10.0,/product/the-invisible-string-by-patrice-karst-book-43365388/
2025-09-16T00:13:15.004270,Quiz,Constructor,1,3,P_43410330,,10.0,/product/life-lessons-for-little-ones:-you-can-do-hard-things-by-jess-sanders-book-43410330/
2025-09-16T00:13:25.314685,Quiz,Constructor,1,3,P_43129157,,22.0,/product/atomic-habits:-an-easy-and-proven-way-to-build-good-habits-and-break-bad-ones-by-james-clear-book-43129157/
2025-09-16T00:13:25.314743,Quiz,Constructor,1,3,P_43365388,,10.0,/product/the-invisible-string-by-patrice-karst-book-43365388/
2025-09-16T00:13:25.314761,Quiz,Constructor,1,3,P_43410330,,10.0,/product/life-lessons-for-little-ones:-you-can-do-hard-things-by-jess-sanders-book-43410330/
2025-09-16T00:13:38.149419,Quiz,Constructor,1,3,P_43129157,,22.0,/product/atomic-habits:-an-easy-and-proven-way-to-build-good-habits-and-break-bad-ones-by-james-clear-book-43129157/
2025-09-16T00:13:38.149540,Quiz,Constructor,1,3,P_43365388,,10.0,/product/the-invisible-string-by-patrice-karst-book-43365388/
2025-09-16T00:13:38.149588,Quiz,Constructor,1,3,P_43410330,,10.0,/product/life-lessons-for-little-ones:-you-can-do-hard-things-by-jess-sanders-book-43410330/
2025-09-16T00:13:40.217425,Quiz,Constructor,1,3,P_43520404,,6.0,/product/art-maker-mandalas-creative-colouring-book-43520404/
2025-09-16T00:13:40.217458,Quiz,Constructor,1,3,P_42958802,,8.0,/product/mindful-activities-for-you-book-42958802/
2025-09-16T00:13:40.217473,Quiz,Constructor,1,3,P_43426492,,5.0,/product/150-mindful-puzzles:-dot-to-dot-for-downtime-book-43426492/
2025-09-16T00:14:07.410138,Images,Powered-up,3,3,P_42538981,,3.0,/product/dettol-15-pack-2-in-1-anti-bacterial-wipes-42538981/
2025-09-16T00:14:07.410267,Images,Powered-up,3,3,P_43423439,,10.0,/product/oxx-cosmetics-essential-kit-pink-43423439/
2025-09-16T00:14:07.410304,Images,Powered-up,3,3,P_40060996,,9.0,/product/colgate-6-pack-medium-zigzag-toothbrushes-40060996/
2025-09-16T00:20:12.039358,Quiz,Powered-up,3,3,P_43477517,,7.0,/product/coordinates-and-coding-blocks-43477517/
2025-09-16T00:20:12.039391,Quiz,Powered-up,3,3,P_42854692,,10.0,/product/10-in-1-world-excavation-kit-42854692/
2025-09-16T00:20:12.039406,Quiz,Powered-up,3,3,P_43408870,,9.0,/product/usborne-lift-the-flap:-look-inside-your-body-by-louie-stowell-book-43408870/
2025-09-16T00:20:22.746006,Quiz,Powered-up,3,3,P_43477517,,7.0,/product/coordinates-and-coding-blocks-43477517/
2025-09-16T00:20:22.746095,Quiz,Powered-up,3,3,P_42854692,,10.0,/product/10-in-1-world-excavation-kit-42854692/
2025-09-16T00:20:22.746120,Quiz,Powered-up,3,3,P_43408870,,9.0,/product/usborne-lift-the-flap:-look-inside-your-body-by-louie-stowell-book-43408870/
2025-09-16T00:20:27.394891,Quiz,Powered-up,3,3,P_43477517,,7.0,/product/coordinates-and-coding-blocks-43477517/
2025-09-16T00:20:27.394937,Quiz,Powered-up,3,3,P_42854692,,10.0,/product/10-in-1-world-excavation-kit-42854692/
2025-09-16T00:20:27.394957,Quiz,Powered-up,3,3,P_43408870,,9.0,/product/usborne-lift-the-flap:-look-inside-your-body-by-louie-stowell-book-43408870/
2025-09-16T00:20:30.001976,Quiz,Powered-up,3,3,P_43477517,,7.0,/product/coordinates-and-coding-blocks-43477517/
2025-09-16T00:20:30.002094,Quiz,Powered-up,3,3,P_42854692,,10.0,/product/10-in-1-world-excavation-kit-42854692/
2025-09-16T00:20:30.002129,Quiz,Powered-up,3,3,P_43408870,,9.0,/product/usborne-lift-the-flap:-look-inside-your-body-by-louie-stowell-book-43408870/
2025-09-16T00:20:31.743829,Quiz,Powered-up,3,3,P_43477517,,7.0,/product/coordinates-and-coding-blocks-43477517/
2025-09-16T00:20:31.743871,Quiz,Powered-up,3,3,P_42854692,,10.0,/product/10-in-1-world-excavation-kit-42854692/
2025-09-16T00:20:31.743892,Quiz,Powered-up,3,3,P_43408870,,9.0,/product/usborne-lift-the-flap:-look-inside-your-body-by-louie-stowell-book-43408870/
2025-09-16T00:20:33.680525,Quiz,Powered-up,3,3,P_43477517,,7.0,/product/coordinates-and-coding-blocks-43477517/
2025-09-16T00:20:33.680567,Quiz,Powered-up,3,3,P_42854692,,10.0,/product/10-in-1-world-excavation-kit-42854692/
2025-09-16T00:20:33.680587,Quiz,Powered-up,3,3,P_43408870,,9.0,/product/usborne-lift-the-flap:-look-inside-your-body-by-louie-stowell-book-43408870/
2025-09-16T00:20:37.644113,Quiz,Powered-up,3,3,P_43477517,,7.0,/product/coordinates-and-coding-blocks-43477517/
2025-09-16T00:20:37.644160,Quiz,Powered-up,3,3,P_42854692,,10.0,/product/10-in-1-world-excavation-kit-42854692/
2025-09-16T00:20:37.644181,Quiz,Powered-up,3,3,P_43408870,,9.0,/product/usborne-lift-the-flap:-look-inside-your-body-by-louie-stowell-book-43408870/
2025-09-16T00:20:40.341824,Quiz,Powered-up,3,3,P_43477517,,7.0,/product/coordinates-and-coding-blocks-43477517/
2025-09-16T00:20:40.341867,Quiz,Powered-up,3,3,P_42854692,,10.0,/product/10-in-1-world-excavation-kit-42854692/
2025-09-16T00:20:40.341886,Quiz,Powered-up,3,3,P_43408870,,9.0,/product/usborne-lift-the-flap:-look-inside-your-body-by-louie-stowell-book-43408870/
2025-09-16T00:20:42.041363,Quiz,Powered-up,3,3,P_43477517,,7.0,/product/coordinates-and-coding-blocks-43477517/
2025-09-16T00:20:42.041406,Quiz,Powered-up,3,3,P_42854692,,10.0,/product/10-in-1-world-excavation-kit-42854692/
2025-09-16T00:20:42.041426,Quiz,Powered-up,3,3,P_43408870,,9.0,/product/usborne-lift-the-flap:-look-inside-your-body-by-louie-stowell-book-43408870/
2025-09-16T00:20:43.366397,Quiz,Powered-up,3,3,P_43477517,,7.0,/product/coordinates-and-coding-blocks-43477517/
2025-09-16T00:20:43.366443,Quiz,Powered-up,3,3,P_42854692,,10.0,/product/10-in-1-world-excavation-kit-42854692/
2025-09-16T00:20:43.366464,Quiz,Powered-up,3,3,P_43408870,,9.0,/product/usborne-lift-the-flap:-look-inside-your-body-by-louie-stowell-book-43408870/
2025-09-16T00:20:47.025768,Images,Powered-up,3,3,P_42538981,,3.0,/product/dettol-15-pack-2-in-1-anti-bacterial-wipes-42538981/
2025-09-16T00:20:47.025803,Images,Powered-up,3,3,P_43423439,,10.0,/product/oxx-cosmetics-essential-kit-pink-43423439/
2025-09-16T00:20:47.025821,Images,Powered-up,3,3,P_43608454,,6.0,/product/oxx-essentials-cotton-pads-and-tips-pack-43608454/
2025-09-16T00:21:40.657176,Images,Powered-up,3,3,P_42538981,,3.0,/product/dettol-15-pack-2-in-1-anti-bacterial-wipes-42538981/
2025-09-16T00:21:40.657226,Images,Powered-up,3,3,P_43423439,,10.0,/product/oxx-cosmetics-essential-kit-pink-43423439/
2025-09-16T00:21:40.657247,Images,Powered-up,3,3,P_43608454,,6.0,/product/oxx-essentials-cotton-pads-and-tips-pack-43608454/
2025-09-16T00:21:44.341744,Images,Powered-up,3,3,P_42538981,,3.0,/product/dettol-15-pack-2-in-1-anti-bacterial-wipes-42538981/
2025-09-16T00:21:44.341785,Images,Powered-up,3,3,P_43423439,,10.0,/product/oxx-cosmetics-essential-kit-pink-43423439/
2025-09-16T00:21:44.341804,Images,Powered-up,3,3,P_43608454,,6.0,/product/oxx-essentials-cotton-pads-and-tips-pack-43608454/
2025-09-16T00:21:53.754193,Quiz,Powered-up,3,3,P_43259403,,10.0,/product/naplan-style-complete-workbook-and-tests-year-3:-4-books-in-1-book-43259403/
2025-09-16T00:21:53.754233,Quiz,Powered-up,3,3,P_43529506,,5.0,/product/focus:-150-little-ways-to-make-a-big-change-book-43529506/
2025-09-16T00:21:53.754251,Quiz,Powered-up,3,3,P_43567522,,4.0,/product/250-puzzles:-brain-teasers-book-43567522/
2025-09-16T00:29:00.458810,Quiz,Powered-up,3,3,P_43579228,,3.0,/product/halloween-3d-cookie-scene-43579228/
2025-09-16T00:29:00.458843,Quiz,Powered-up,3,3,P_S171431,,8.0,/product/christmas-embellished-t-shirt-s171431/
2025-09-16T00:29:00.458858,Quiz,Powered-up,3,3,P_S149061,,8.0,/product/active-mens-gym-shorts-s149061/
2025-09-16T00:29:57.821721,Quiz,Powered-up,3,3,P_43579228,,3.0,/product/halloween-3d-cookie-scene-43579228/
2025-09-16T00:29:57.821765,Quiz,Powered-up,3,3,P_S171431,,8.0,/product/christmas-embellished-t-shirt-s171431/
2025-09-16T00:29:57.821785,Quiz,Powered-up,3,3,P_S149061,,8.0,/product/active-mens-gym-shorts-s149061/
2025-09-16T00:30:03.906949,Quiz,Powered-up,3,3,P_43579228,,3.0,/product/halloween-3d-cookie-scene-43579228/
2025-09-16T00:30:03.906989,Quiz,Powered-up,3,3,P_S171431,,8.0,/product/christmas-embellished-t-shirt-s171431/
2025-09-16T00:30:03.907007,Quiz,Powered-up,3,3,P_S149061,,8.0,/product/active-mens-gym-shorts-s149061/
2025-09-16T00:30:07.848515,Quiz,Powered-up,3,3,P_43129157,,22.0,/product/atomic-habits:-an-easy-and-proven-way-to-build-good-habits-and-break-bad-ones-by-james-clear-book-43129157/
2025-09-16T00:30:07.848558,Quiz,Powered-up,3,3,P_42630128,,20.0,/product/egg-cooker-42630128/
2025-09-16T00:30:07.848575,Quiz,Powered-up,3,3,P_43519798,,16.0,/product/don't-believe-everything-you-think-by-joseph-nguyen-book-43519798/
2025-09-16T00:30:41.281512,Quiz,Powered-up,3,3,P_43129157,,22.0,/product/atomic-habits:-an-easy-and-proven-way-to-build-good-habits-and-break-bad-ones-by-james-clear-book-43129157/
2025-09-16T00:30:41.281557,Quiz,Powered-up,3,3,P_42630128,,20.0,/product/egg-cooker-42630128/
2025-09-16T00:30:41.281575,Quiz,Powered-up,3,3,P_43519798,,16.0,/product/don't-believe-everything-you-think-by-joseph-nguyen-book-43519798/
2025-09-16T00:30:43.804496,Quiz,Powered-up,3,3,P_43129157,,22.0,/product/atomic-habits:-an-easy-and-proven-way-to-build-good-habits-and-break-bad-ones-by-james-clear-book-43129157/
2025-09-16T00:30:43.804547,Quiz,Powered-up,3,3,P_42630128,,20.0,/product/egg-cooker-42630128/
2025-09-16T00:30:43.804567,Quiz,Powered-up,3,3,P_43519798,,16.0,/product/don't-believe-everything-you-think-by-joseph-nguyen-book-43519798/
2025-09-16T00:30:45.995185,Quiz,Powered-up,3,3,P_43129157,,22.0,/product/atomic-habits:-an-easy-and-proven-way-to-build-good-habits-and-break-bad-ones-by-james-clear-book-43129157/
2025-09-16T00:30:45.995230,Quiz,Powered-up,3,3,P_42630128,,20.0,/product/egg-cooker-42630128/
2025-09-16T00:30:45.995251,Quiz,Powered-up,3,3,P_43519798,,16.0,/product/don't-believe-everything-you-think-by-joseph-nguyen-book-43519798/
2025-09-16T00:31:10.572976,Quiz,Constructor,1,3,P_43129157,,22.0,/product/atomic-habits:-an-easy-and-proven-way-to-build-good-habits-and-break-bad-ones-by-james-clear-book-43129157/
2025-09-16T00:31:10.573018,Quiz,Constructor,1,3,P_42630128,,20.0,/product/egg-cooker-42630128/
2025-09-16T00:31:10.573036,Quiz,Constructor,1,3,P_43519798,,16.0,/product/don't-believe-everything-you-think-by-joseph-nguyen-book-43519798/
2025-09-16T00:31:17.490121,Quiz,Powered-up,3,3,P_43129157,,22.0,/product/atomic-habits:-an-easy-and-proven-way-to-build-good-habits-and-break-bad-ones-by-james-clear-book-43129157/
2025-09-16T00:31:17.490166,Quiz,Powered-up,3,3,P_42630128,,20.0,/product/egg-cooker-42630128/
2025-09-16T00:31:17.490183,Quiz,Powered-up,3,3,P_43519798,,16.0,/product/don't-believe-everything-you-think-by-joseph-nguyen-book-43519798/
2025-09-16T00:31:21.637841,Quiz,Powered-up,3,3,P_43129157,,22.0,/product/atomic-habits:-an-easy-and-proven-way-to-build-good-habits-and-break-bad-ones-by-james-clear-book-43129157/
2025-09-16T00:31:21.637890,Quiz,Powered-up,3,3,P_42630128,,20.0,/product/egg-cooker-42630128/
2025-09-16T00:31:21.637909,Quiz,Powered-up,3,3,P_43519798,,16.0,/product/don't-believe-everything-you-think-by-joseph-nguyen-book-43519798/
2025-09-16T00:31:23.824091,Quiz,Powered-up,3,3,P_43129157,,22.0,/product/atomic-habits:-an-easy-and-proven-way-to-build-good-habits-and-break-bad-ones-by-james-clear-book-43129157/
2025-09-16T00:31:23.824153,Quiz,Powered-up,3,3,P_42630128,,20.0,/product/egg-cooker-42630128/
2025-09-16T00:31:23.824174,Quiz,Powered-up,3,3,P_43519798,,16.0,/product/don't-believe-everything-you-think-by-joseph-nguyen-book-43519798/
2025-09-16T00:31:28.179880,Quiz,Powered-up,3,3,P_43448838,,3.0,/product/pet-toy-ball-thrower-with-ball-43448838/
2025-09-16T00:31:28.179944,Quiz,Powered-up,3,3,P_43346486,,6.0,/product/pet-toy-bungee-ball-with-handle-43346486/
2025-09-16T00:31:28.179967,Quiz,Powered-up,3,3,P_43566648,,15.0,/product/10-pack-pet-toy-summer-43566648/
